{
  "dataset_name": "worldmodelv1_angle_statistics.json",
  "state_left": {
    "mean": [
      -0.18348776549100876,
      0.1959255412220955,
      0.4986308266719182,
      -2.1581626732742083,
      -0.4339567339620811,
      -1.5072835596223817,
      0.1626876542965571,
      -0.35254014531771344,
      0.778462290763855,
      -0.09438191602627437,
      0.04289085790514946,
      0.03341259605561694,
      0.134723249822855,
      -0.06708418888350327,
      0.23073927561442056,
      0.12848847856124243,
      -0.4208342085282008,
      0.42700014015038806,
      -0.33095550040404004,
      -0.06221867352724075,
      0.32278462251027423,
      -0.019107104279100895,
      0.058953763296206795,
      0.2841600726048152,
      -0.4908850242694219,
      -0.2887599840760231,
      0.7429697612921397,
      -0.039554312475956976,
      -0.16925419867038727,
      -0.09760442251960437,
      -0.08357451856136322,
      0.26419323186079663,
      0.092486505707105,
      -0.12205758194128673,
      -0.4561103085676829,
      0.5991261502106985,
      -0.22641657292842865,
      0.04264929238706827,
      0.006405129563063383,
      -0.1643692801396052,
      0.2657116502523422,
      0.3212677637736003,
      1.0926467974980671,
      0.07687985058873892,
      -0.10076094046235085,
      -0.8959890902042389,
      -0.3967130233844121,
      0.5874355137348175,
      0.7718561391035715,
      0.12164450933535893,
      0.07267200884719689,
      0.21593265235424042,
      0.2492780089378357,
      0.5897749662399292,
      -0.2043868601322174,
      -0.6535051465034485,
      -0.42896080017089844,
      -0.9123498201370239,
      0.5222703218460083,
      0.2937771677970886,
      1.2935608625411987
    ],
    "std": [
      0.008522953651849768,
      0.022506472078869712,
      0.00482800831369593,
      0.002143728895456909,
      0.026168336866696437,
      0.07568366631867665,
      0.013218711651341725,
      0.008338759477448792,
      0.0034532115873388124,
      0.012587722846710687,
      0.004129851549192631,
      0.021343439309200653,
      0.014892823551979085,
      0.008737299350852117,
      0.014063283516203002,
      0.016079733095220653,
      0.020499287581137227,
      0.01956192217241835,
      0.006217783420248165,
      0.0037789188850207074,
      0.0078739739905026,
      0.0013665471813573543,
      0.002586288114795285,
      0.007181417988029036,
      0.05006141135956125,
      0.02535404088165653,
      0.0631553234239743,
      0.04794690369418593,
      0.0021599894089710057,
      0.033629398484980394,
      0.006459965747449513,
      0.005233236560097195,
      0.009568791257273168,
      0.01411199024415853,
      0.026226619544713538,
      0.026393588667444172,
      0.006949121711370871,
      0.010927607610411514,
      0.03909237814995741,
      0.0022532723728190735,
      0.01107805474176848,
      0.0050978724008422065,
      0.027185029916076384,
      0.02443212996602063,
      0.00867759405471935,
      0.008276427501224991,
      0.004573112699658674,
      0.03079544751631055,
      0.018071327305624003,
      0.020105641370500103,
      0.024337380992941554,
      0.0,
      0.0,
      0.0,
      0.0,
      0.0,
      0.0,
      0.0,
      0.0,
      0.0,
      0.0
    ]
  },
  "action_left": {
    "mean": [
      0.0044469150213094855,
      -0.01459705439897684,
      -0.0020112409041478083,
      -0.015529354668867129,
      -0.00047068796613110374,
      0.04864858749967355,
      0.1654860517153373,
      -0.3542368503717276,
      0.7780523171791663,
      -0.09860363740187425,
      0.04270221264316486,
      0.028885862761392045,
      0.13895316972182348,
      -0.06952154945868712,
      0.23504241498617026,
      0.1339909695661985,
      -0.4281741114763113,
      0.41757835608262284,
      -0.3328141776415018,
      -0.06276770887466578,
      0.3225538221689371,
      -0.018870688831576936,
      0.058464017453101966,
      0.28509169312623833,
      -0.499574966614063,
      -0.30281998469279364,
      0.7530442192004277,
      -0.028596860263496636,
      -0.17040071464501894,
      -0.10630357196697822,
      -0.0815187129836816,
      0.26691940610225384,
      0.09158750692239175,
      -0.1258379938510748,
      -0.4685245656050169,
      0.5976941989018367,
      -0.22420639189390035,
      0.03954398245192491,
      0.0004909447179390834,
      -0.16478863427272208,
      0.27018617712534393,
      0.3231227136575259,
      1.0885701509622427,
      0.08360290997303449,
      -0.10150444507598877,
      -0.8983168097642752,
      -0.3959551879992852,
      0.5941436785918016,
      0.7701466917991638,
      0.12293092081179986,
      0.06709491845506887
    ],
    "std": [
      0.004651018741605795,
      0.004502355776809321,
      0.00507492807269444,
      0.011275636926790069,
      0.0013465456549626663,
      0.023103853888695135,
      0.006937844184985818,
      0.00329504250746626,
      0.0041511713885342165,
      0.0067547801130584334,
      0.002624202173657609,
      0.01271647675845543,
      0.009541367284959435,
      0.004725144267288436,
      0.007841766195933391,
      0.0071573171643636475,
      0.01270686724222714,
      0.006135907176781443,
      0.0031503874581128646,
      0.003522807408563702,
      0.008290966044125731,
      0.00017632029753193346,
      0.002012974624661789,
      0.0028641464977031926,
      0.03671459390468529,
      0.01396242950863948,
      0.04382898081092913,
      0.032736231704133756,
      0.0017656796743613103,
      0.022910010417765067,
      0.002978609256650938,
      0.003111667298193247,
      0.004900795240473495,
      0.008781542749311016,
      0.014185316687784413,
      0.020247176034315372,
      0.004954592047015023,
      0.008894740944732787,
      0.02742732128999361,
      0.0026012297895565573,
      0.0068186121662708234,
      0.0016267521408532644,
      0.01637004949468403,
      0.014475784420686052,
      0.006445087362959621,
      0.005964910763735521,
      0.004655543030472983,
      0.019192129814035307,
      0.012022744110071879,
      0.012275216097970271,
      0.015945498237767242
    ]
  },
  "state_right": {
    "mean": [
      0.1376113587944412,
      0.06723681453293488,
      0.577842742940526,
      -1.3351011355867637,
      0.5648883607749792,
      1.0540186049506308,
      0.05834812761266805,
      -0.0941444805524009,
      0.3267301623766989,
      -0.018162726268695414,
      -0.008737622730323993,
      0.4164971548569515,
      0.04636570730733105,
      0.01764336244171172,
      0.2585872995816631,
      0.009377524713744168,
      -0.054093112019472755,
      0.39469300977092375,
      -0.2557515965567695,
      0.05656915824906326,
      0.6144237584825375,
      -0.07832436047043123,
      0.059398228480814046,
      0.32969127301080725,
      -0.20969679133023744,
      0.2898866192952954,
      0.6775414222552453,
      -0.026388705437887967,
      0.11345048647166954,
      0.3496420909938069,
      -0.4823885251894409,
      0.06304605698258253,
      -0.15339945365867383,
      0.0024881057389494446,
      0.011067950421869525,
      0.5474335769799331,
      -0.3324607084562749,
      0.18260637151054393,
      0.2777101355198811,
      -0.1346447660047331,
      0.13592253655287218,
      0.3687368007261812,
      0.7412982070703565,
      0.13429081901662873,
      -0.08083177551075264,
      -0.7375682607109164,
      0.04815661611702339,
      0.5848239252866925,
      0.6736079255739847,
      -0.03866608513635583,
      -0.23669781922944821,
      0.19426462054252625,
      -0.03241962194442749,
      -0.13341890275478363,
      -0.1043768972158432,
      -0.8753659129142761,
      0.456578753888607,
      -0.7239837646484375,
      0.36546429991722107,
      -0.01222727820277214,
      1.2000529766082764
    ],